input,summary
"Automatic Text Summarization is a key technique in Natural Language Processing (NLP) that uses algorithms to reduce large texts while preserving essential information. Although it doesn’t receive as much attention as other machine learning breakthroughs, text summarization technology has seen continuous improvements. By extracting key concepts and maintaining the original meaning, these systems can revolutionize industries such as banking, law, and healthcare, enabling faster decision-making and information retrieval.

There are two primary types of text summarization techniques:

Extractive Summarization
Abstractive Summarization
Extractive Summarization
Extractive summarization algorithms automatically generate summaries by selecting and combining key passages from the original text. Unlike human summarizers, these models focus on extracting the most important sentences without creating new content. The goal is to preserve the meaning of the original text while condensing it.","Automatic Text Summarization is a key technique in Natural Language Processing (NLP) that uses algorithms to reduce large texts while preserving essential information. By extracting key concepts and maintaining the original meaning, these systems can revolutionize industries such as banking, law, and healthcare, enabling faster decision-making and information retrieval."
"Automatic Text Summarization is a key technique in Natural Language Processing (NLP) that uses algorithms to reduce large texts while preserving essential information. Although it doesn’t receive as much attention as other machine learning breakthroughs, text summarization technology has seen continuous improvements. By extracting key concepts and maintaining the original meaning, these systems can revolutionize industries such as banking, law, and healthcare, enabling faster decision-making and information retrieval.

There are two primary types of text summarization techniques:

Extractive Summarization
Abstractive Summarization
Extractive Summarization
Extractive summarization algorithms automatically generate summaries by selecting and combining key passages from the original text. Unlike human summarizers, these models focus on extracting the most important sentences without creating new content. The goal is to preserve the meaning of the original text while condensing it.","Automatic Text Summarization is a key technique in Natural Language Processing (NLP) that uses algorithms to reduce large texts while preserving essential information. By extracting key concepts and maintaining the original meaning, these systems can revolutionize industries such as banking, law, and healthcare, enabling faster decision-making and information retrieval."
"Automatic Text Summarization is a key technique in Natural Language Processing (NLP) that uses algorithms to reduce large texts while preserving essential information. Although it doesn’t receive as much attention as other machine learning breakthroughs, text summarization technology has seen continuous improvements. By extracting key concepts and maintaining the original meaning, these systems can revolutionize industries such as banking, law, and healthcare, enabling faster decision-making and information retrieval.

There are two primary types of text summarization techniques:

Extractive Summarization
Abstractive Summarization
Extractive Summarization
Extractive summarization algorithms automatically generate summaries by selecting and combining key passages from the original text. Unlike human summarizers, these models focus on extracting the most important sentences without creating new content. The goal is to preserve the meaning of the original text while condensing it.","Automatic Text Summarization is a key technique in Natural Language Processing (NLP) that uses algorithms to reduce large texts while preserving essential information. By extracting key concepts and maintaining the original meaning, these systems can revolutionize industries such as banking, law, and healthcare, enabling faster decision-making and information retrieval."
"Automatic Text Summarization is a key technique in Natural Language Processing (NLP) that uses algorithms to reduce large texts while preserving essential information. Although it doesn’t receive as much attention as other machine learning breakthroughs, text summarization technology has seen continuous improvements. By extracting key concepts and maintaining the original meaning, these systems can revolutionize industries such as banking, law, and healthcare, enabling faster decision-making and information retrieval.

There are two primary types of text summarization techniques:

Extractive Summarization
Abstractive Summarization
Extractive Summarization
Extractive summarization algorithms automatically generate summaries by selecting and combining key passages from the original text. Unlike human summarizers, these models focus on extracting the most important sentences without creating new content. The goal is to preserve the meaning of the original text while condensing it.","Automatic Text Summarization is a key technique in Natural Language Processing (NLP) that uses algorithms to reduce large texts while preserving essential information. By extracting key concepts and maintaining the original meaning, these systems can revolutionize industries such as banking, law, and healthcare, enabling faster decision-making and information retrieval."
"Automatic Text Summarization is a key technique in Natural Language Processing (NLP) that uses algorithms to reduce large texts while preserving essential information. Although it doesn’t receive as much attention as other machine learning breakthroughs, text summarization technology has seen continuous improvements. By extracting key concepts and maintaining the original meaning, these systems can revolutionize industries such as banking, law, and healthcare, enabling faster decision-making and information retrieval.

There are two primary types of text summarization techniques:

Extractive Summarization
Abstractive Summarization
Extractive Summarization
Extractive summarization algorithms automatically generate summaries by selecting and combining key passages from the original text. Unlike human summarizers, these models focus on extracting the most important sentences without creating new content. The goal is to preserve the meaning of the original text while condensing it.","Automatic Text Summarization is a key technique in Natural Language Processing (NLP) that uses algorithms to reduce large texts while preserving essential information. By extracting key concepts and maintaining the original meaning, these systems can revolutionize industries such as banking, law, and healthcare, enabling faster decision-making and information retrieval."
"Automatic Text Summarization is a key technique in Natural Language Processing (NLP) that uses algorithms to reduce large texts while preserving essential information. Although it doesn’t receive as much attention as other machine learning breakthroughs, text summarization technology has seen continuous improvements. By extracting key concepts and maintaining the original meaning, these systems can revolutionize industries such as banking, law, and healthcare, enabling faster decision-making and information retrieval.

There are two primary types of text summarization techniques:

Extractive Summarization
Abstractive Summarization
Extractive Summarization
Extractive summarization algorithms automatically generate summaries by selecting and combining key passages from the original text. Unlike human summarizers, these models focus on extracting the most important sentences without creating new content. The goal is to preserve the meaning of the original text while condensing it.","Automatic Text Summarization is a key technique in Natural Language Processing (NLP) that uses algorithms to reduce large texts while preserving essential information. By extracting key concepts and maintaining the original meaning, these systems can revolutionize industries such as banking, law, and healthcare, enabling faster decision-making and information retrieval."
"Automatic Text Summarization is a key technique in Natural Language Processing (NLP) that uses algorithms to reduce large texts while preserving essential information. Although it doesn’t receive as much attention as other machine learning breakthroughs, text summarization technology has seen continuous improvements. By extracting key concepts and maintaining the original meaning, these systems can revolutionize industries such as banking, law, and healthcare, enabling faster decision-making and information retrieval.

There are two primary types of text summarization techniques:

Extractive Summarization
Abstractive Summarization
Extractive Summarization
Extractive summarization algorithms automatically generate summaries by selecting and combining key passages from the original text. Unlike human summarizers, these models focus on extracting the most important sentences without creating new content. The goal is to preserve the meaning of the original text while condensing it.","Automatic Text Summarization is a key technique in Natural Language Processing (NLP) that uses algorithms to reduce large texts while preserving essential information. By extracting key concepts and maintaining the original meaning, these systems can revolutionize industries such as banking, law, and healthcare, enabling faster decision-making and information retrieval."
"Automatic Text Summarization is a key technique in Natural Language Processing (NLP) that uses algorithms to reduce large texts while preserving essential information. Although it doesn’t receive as much attention as other machine learning breakthroughs, text summarization technology has seen continuous improvements. By extracting key concepts and maintaining the original meaning, these systems can revolutionize industries such as banking, law, and healthcare, enabling faster decision-making and information retrieval.

There are two primary types of text summarization techniques:

Extractive Summarization
Abstractive Summarization
Extractive Summarization
Extractive summarization algorithms automatically generate summaries by selecting and combining key passages from the original text. Unlike human summarizers, these models focus on extracting the most important sentences without creating new content. The goal is to preserve the meaning of the original text while condensing it.","Automatic Text Summarization is a key technique in Natural Language Processing (NLP) that uses algorithms to reduce large texts while preserving essential information. By extracting key concepts and maintaining the original meaning, these systems can revolutionize industries such as banking, law, and healthcare, enabling faster decision-making and information retrieval."
"Automatic Text Summarization is a key technique in Natural Language Processing (NLP) that uses algorithms to reduce large texts while preserving essential information. Although it doesn’t receive as much attention as other machine learning breakthroughs, text summarization technology has seen continuous improvements. By extracting key concepts and maintaining the original meaning, these systems can revolutionize industries such as banking, law, and healthcare, enabling faster decision-making and information retrieval.

There are two primary types of text summarization techniques:

Extractive Summarization
Abstractive Summarization
Extractive Summarization
Extractive summarization algorithms automatically generate summaries by selecting and combining key passages from the original text. Unlike human summarizers, these models focus on extracting the most important sentences without creating new content. The goal is to preserve the meaning of the original text while condensing it.","Automatic Text Summarization is a key technique in Natural Language Processing (NLP) that uses algorithms to reduce large texts while preserving essential information. By extracting key concepts and maintaining the original meaning, these systems can revolutionize industries such as banking, law, and healthcare, enabling faster decision-making and information retrieval."
"Automatic Text Summarization is a key technique in Natural Language Processing (NLP) that uses algorithms to reduce large texts while preserving essential information. Although it doesn’t receive as much attention as other machine learning breakthroughs, text summarization technology has seen continuous improvements. By extracting key concepts and maintaining the original meaning, these systems can revolutionize industries such as banking, law, and healthcare, enabling faster decision-making and information retrieval.

There are two primary types of text summarization techniques:

Extractive Summarization
Abstractive Summarization
Extractive Summarization
Extractive summarization algorithms automatically generate summaries by selecting and combining key passages from the original text. Unlike human summarizers, these models focus on extracting the most important sentences without creating new content. The goal is to preserve the meaning of the original text while condensing it.","Automatic Text Summarization is a key technique in Natural Language Processing (NLP) that uses algorithms to reduce large texts while preserving essential information. By extracting key concepts and maintaining the original meaning, these systems can revolutionize industries such as banking, law, and healthcare, enabling faster decision-making and information retrieval."
"Automatic Text Summarization is a key technique in Natural Language Processing (NLP) that uses algorithms to reduce large texts while preserving essential information. Although it doesn’t receive as much attention as other machine learning breakthroughs, text summarization technology has seen continuous improvements. By extracting key concepts and maintaining the original meaning, these systems can revolutionize industries such as banking, law, and healthcare, enabling faster decision-making and information retrieval.

There are two primary types of text summarization techniques:

Extractive Summarization
Abstractive Summarization
Extractive Summarization
Extractive summarization algorithms automatically generate summaries by selecting and combining key passages from the original text. Unlike human summarizers, these models focus on extracting the most important sentences without creating new content. The goal is to preserve the meaning of the original text while condensing it.","Automatic Text Summarization is a key technique in Natural Language Processing (NLP) that uses algorithms to reduce large texts while preserving essential information. By extracting key concepts and maintaining the original meaning, these systems can revolutionize industries such as banking, law, and healthcare, enabling faster decision-making and information retrieval."
"Automatic Text Summarization is a key technique in Natural Language Processing (NLP) that uses algorithms to reduce large texts while preserving essential information. Although it doesn’t receive as much attention as other machine learning breakthroughs, text summarization technology has seen continuous improvements. By extracting key concepts and maintaining the original meaning, these systems can revolutionize industries such as banking, law, and healthcare, enabling faster decision-making and information retrieval.

There are two primary types of text summarization techniques:

Extractive Summarization
Abstractive Summarization
Extractive Summarization
Extractive summarization algorithms automatically generate summaries by selecting and combining key passages from the original text. Unlike human summarizers, these models focus on extracting the most important sentences without creating new content. The goal is to preserve the meaning of the original text while condensing it.","Automatic Text Summarization is a key technique in Natural Language Processing (NLP) that uses algorithms to reduce large texts while preserving essential information. By extracting key concepts and maintaining the original meaning, these systems can revolutionize industries such as banking, law, and healthcare, enabling faster decision-making and information retrieval."
"Automatic Text Summarization is a key technique in Natural Language Processing (NLP) that uses algorithms to reduce large texts while preserving essential information. Although it doesn’t receive as much attention as other machine learning breakthroughs, text summarization technology has seen continuous improvements. By extracting key concepts and maintaining the original meaning, these systems can revolutionize industries such as banking, law, and healthcare, enabling faster decision-making and information retrieval.

There are two primary types of text summarization techniques:

Extractive Summarization
Abstractive Summarization
Extractive Summarization
Extractive summarization algorithms automatically generate summaries by selecting and combining key passages from the original text. Unlike human summarizers, these models focus on extracting the most important sentences without creating new content. The goal is to preserve the meaning of the original text while condensing it.","Automatic Text Summarization is a key technique in Natural Language Processing (NLP) that uses algorithms to reduce large texts while preserving essential information. By extracting key concepts and maintaining the original meaning, these systems can revolutionize industries such as banking, law, and healthcare, enabling faster decision-making and information retrieval."
"Automatic Text Summarization is a key technique in Natural Language Processing (NLP) that uses algorithms to reduce large texts while preserving essential information. Although it doesn’t receive as much attention as other machine learning breakthroughs, text summarization technology has seen continuous improvements. By extracting key concepts and maintaining the original meaning, these systems can revolutionize industries such as banking, law, and healthcare, enabling faster decision-making and information retrieval.

There are two primary types of text summarization techniques:

Extractive Summarization
Abstractive Summarization
Extractive Summarization
Extractive summarization algorithms automatically generate summaries by selecting and combining key passages from the original text. Unlike human summarizers, these models focus on extracting the most important sentences without creating new content. The goal is to preserve the meaning of the original text while condensing it.","Automatic Text Summarization is a key technique in Natural Language Processing (NLP) that uses algorithms to reduce large texts while preserving essential information. By extracting key concepts and maintaining the original meaning, these systems can revolutionize industries such as banking, law, and healthcare, enabling faster decision-making and information retrieval."
"Automatic Text Summarization is a key technique in Natural Language Processing (NLP) that uses algorithms to reduce large texts while preserving essential information. Although it doesn’t receive as much attention as other machine learning breakthroughs, text summarization technology has seen continuous improvements. By extracting key concepts and maintaining the original meaning, these systems can revolutionize industries such as banking, law, and healthcare, enabling faster decision-making and information retrieval.

There are two primary types of text summarization techniques:

Extractive Summarization
Abstractive Summarization
Extractive Summarization
Extractive summarization algorithms automatically generate summaries by selecting and combining key passages from the original text. Unlike human summarizers, these models focus on extracting the most important sentences without creating new content. The goal is to preserve the meaning of the original text while condensing it.","Automatic Text Summarization is a key technique in Natural Language Processing (NLP) that uses algorithms to reduce large texts while preserving essential information. By extracting key concepts and maintaining the original meaning, these systems can revolutionize industries such as banking, law, and healthcare, enabling faster decision-making and information retrieval."
"Automatic Text Summarization is a key technique in Natural Language Processing (NLP) that uses algorithms to reduce large texts while preserving essential information. Although it doesn’t receive as much attention as other machine learning breakthroughs, text summarization technology has seen continuous improvements. By extracting key concepts and maintaining the original meaning, these systems can revolutionize industries such as banking, law, and healthcare, enabling faster decision-making and information retrieval.

There are two primary types of text summarization techniques:

Extractive Summarization
Abstractive Summarization
Extractive Summarization
Extractive summarization algorithms automatically generate summaries by selecting and combining key passages from the original text. Unlike human summarizers, these models focus on extracting the most important sentences without creating new content. The goal is to preserve the meaning of the original text while condensing it.","Automatic Text Summarization is a key technique in Natural Language Processing (NLP) that uses algorithms to reduce large texts while preserving essential information. By extracting key concepts and maintaining the original meaning, these systems can revolutionize industries such as banking, law, and healthcare, enabling faster decision-making and information retrieval."
"Automatic Text Summarization is a key technique in Natural Language Processing (NLP) that uses algorithms to reduce large texts while preserving essential information. Although it doesn’t receive as much attention as other machine learning breakthroughs, text summarization technology has seen continuous improvements. By extracting key concepts and maintaining the original meaning, these systems can revolutionize industries such as banking, law, and healthcare, enabling faster decision-making and information retrieval.

There are two primary types of text summarization techniques:

Extractive Summarization
Abstractive Summarization
Extractive Summarization
Extractive summarization algorithms automatically generate summaries by selecting and combining key passages from the original text. Unlike human summarizers, these models focus on extracting the most important sentences without creating new content. The goal is to preserve the meaning of the original text while condensing it.","Automatic Text Summarization is a key technique in Natural Language Processing (NLP) that uses algorithms to reduce large texts while preserving essential information. By extracting key concepts and maintaining the original meaning, these systems can revolutionize industries such as banking, law, and healthcare, enabling faster decision-making and information retrieval."
"Automatic Text Summarization is a key technique in Natural Language Processing (NLP) that uses algorithms to reduce large texts while preserving essential information. Although it doesn’t receive as much attention as other machine learning breakthroughs, text summarization technology has seen continuous improvements. By extracting key concepts and maintaining the original meaning, these systems can revolutionize industries such as banking, law, and healthcare, enabling faster decision-making and information retrieval.

There are two primary types of text summarization techniques:

Extractive Summarization
Abstractive Summarization
Extractive Summarization
Extractive summarization algorithms automatically generate summaries by selecting and combining key passages from the original text. Unlike human summarizers, these models focus on extracting the most important sentences without creating new content. The goal is to preserve the meaning of the original text while condensing it.","Automatic Text Summarization is a key technique in Natural Language Processing (NLP) that uses algorithms to reduce large texts while preserving essential information. By extracting key concepts and maintaining the original meaning, these systems can revolutionize industries such as banking, law, and healthcare, enabling faster decision-making and information retrieval."
"Automatic Text Summarization is a key technique in Natural Language Processing (NLP) that uses algorithms to reduce large texts while preserving essential information. Although it doesn’t receive as much attention as other machine learning breakthroughs, text summarization technology has seen continuous improvements. By extracting key concepts and maintaining the original meaning, these systems can revolutionize industries such as banking, law, and healthcare, enabling faster decision-making and information retrieval.

There are two primary types of text summarization techniques:

Extractive Summarization
Abstractive Summarization
Extractive Summarization
Extractive summarization algorithms automatically generate summaries by selecting and combining key passages from the original text. Unlike human summarizers, these models focus on extracting the most important sentences without creating new content. The goal is to preserve the meaning of the original text while condensing it.","Automatic Text Summarization is a key technique in Natural Language Processing (NLP) that uses algorithms to reduce large texts while preserving essential information. By extracting key concepts and maintaining the original meaning, these systems can revolutionize industries such as banking, law, and healthcare, enabling faster decision-making and information retrieval."
"Automatic Text Summarization is a key technique in Natural Language Processing (NLP) that uses algorithms to reduce large texts while preserving essential information. Although it doesn’t receive as much attention as other machine learning breakthroughs, text summarization technology has seen continuous improvements. By extracting key concepts and maintaining the original meaning, these systems can revolutionize industries such as banking, law, and healthcare, enabling faster decision-making and information retrieval.

There are two primary types of text summarization techniques:

Extractive Summarization
Abstractive Summarization
Extractive Summarization
Extractive summarization algorithms automatically generate summaries by selecting and combining key passages from the original text. Unlike human summarizers, these models focus on extracting the most important sentences without creating new content. The goal is to preserve the meaning of the original text while condensing it.","Automatic Text Summarization is a key technique in Natural Language Processing (NLP) that uses algorithms to reduce large texts while preserving essential information. By extracting key concepts and maintaining the original meaning, these systems can revolutionize industries such as banking, law, and healthcare, enabling faster decision-making and information retrieval."
This is a long test paragraph. It should summarize this content into something shorter.,This is a long test paragraph.
"Artificial Intelligence (AI) is transforming the way people work, learn, and communicate. AI-powered systems can analyze large amounts of data, identify patterns, and make predictions with remarkable accuracy. In healthcare, AI helps doctors diagnose diseases and develop personalized treatment plans. In education, intelligent tutoring systems provide customized learning experiences for students. Businesses use AI to automate repetitive tasks, improve customer service, and make better decisions. However, the rapid growth of AI also raises concerns about privacy, job displacement, and ethical decision-making. Researchers and policymakers are working together to ensure that AI technologies are developed and used responsibly. As AI continues to evolve, it is expected to play an increasingly important role in shaping the future of society.","AI-powered systems can analyze large amounts of data, identify patterns, and make predictions with remarkable accuracy. Businesses use AI to automate repetitive tasks, improve customer service, and make better decisions."
"Artificial Intelligence (AI) is transforming the way people work, learn, and communicate. AI-powered systems can analyze large amounts of data, identify patterns, and make predictions with remarkable accuracy. In healthcare, AI helps doctors diagnose diseases and develop personalized treatment plans. In education, intelligent tutoring systems provide customized learning experiences for students. Businesses use AI to automate repetitive tasks, improve customer service, and make better decisions. However, the rapid growth of AI also raises concerns about privacy, job displacement, and ethical decision-making. Researchers and policymakers are working together to ensure that AI technologies are developed and used responsibly. As AI continues to evolve, it is expected to play an increasingly important role in shaping the future of society.","AI-powered systems can analyze large amounts of data, identify patterns, and make predictions with remarkable accuracy. Businesses use AI to automate repetitive tasks, improve customer service, and make better decisions."
"Artificial Intelligence (AI) is transforming the way people work, learn, and communicate. AI-powered systems can analyze large amounts of data, identify patterns, and make predictions with remarkable accuracy. In healthcare, AI helps doctors diagnose diseases and develop personalized treatment plans. In education, intelligent tutoring systems provide customized learning experiences for students. Businesses use AI to automate repetitive tasks, improve customer service, and make better decisions. However, the rapid growth of AI also raises concerns about privacy, job displacement, and ethical decision-making. Researchers and policymakers are working together to ensure that AI technologies are developed and used responsibly. As AI continues to evolve, it is expected to play an increasingly important role in shaping the future of society.","Artificial Intelligence (AI) is transforming the way people work, learn, and communicate. AI-powered systems can analyze large amounts of data, identify patterns, and make predictions with remarkable accuracy. In healthcare, AI helps doctors diagnose diseases and develop personalized treatment plans. In education, intelligent tutoring systems provide customized learning experiences for students. Businesses use AI to automate repetitive tasks, improve customer service, and make better decisions. However, the rapid growth of AI also raises concerns about privacy, job displacement, and ethical decision-making. As AI continues to evolve, it is expected to play an increasingly important role in shaping the future of society."
"Artificial Intelligence (AI) is transforming the way people work, learn, and communicate. AI-powered systems can analyze large amounts of data, identify patterns, and make predictions with remarkable accuracy. In healthcare, AI helps doctors diagnose diseases and develop personalized treatment plans. In education, intelligent tutoring systems provide customized learning experiences for students. Businesses use AI to automate repetitive tasks, improve customer service, and make better decisions. However, the rapid growth of AI also raises concerns about privacy, job displacement, and ethical decision-making. Researchers and policymakers are working together to ensure that AI technologies are developed and used responsibly. As AI continues to evolve, it is expected to play an increasingly important role in shaping the future of society.","AI-powered systems can analyze large amounts of data, identify patterns, and make predictions with remarkable accuracy. Businesses use AI to automate repetitive tasks, improve customer service, and make better decisions."
"Artificial Intelligence (AI) is transforming the way people work, learn, and communicate. AI-powered systems can analyze large amounts of data, identify patterns, and make predictions with remarkable accuracy. In healthcare, AI helps doctors diagnose diseases and develop personalized treatment plans. In education, intelligent tutoring systems provide customized learning experiences for students. Businesses use AI to automate repetitive tasks, improve customer service, and make better decisions. However, the rapid growth of AI also raises concerns about privacy, job displacement, and ethical decision-making. Researchers and policymakers are working together to ensure that AI technologies are developed and used responsibly. As AI continues to evolve, it is expected to play an increasingly important role in shaping the future of society.","AI-powered systems can analyze large amounts of data, identify patterns, and make predictions with remarkable accuracy. Businesses use AI to automate repetitive tasks, improve customer service, and make better decisions. However, the rapid growth of AI also raises concerns about privacy, job displacement, and ethical decision-making."
